genre,dance,energy,loudness,speechiness,acousticness,instrumentalness,valence,tempo,liveness,key,mode
pop,0.521,0.592,-7.777,0.0304,0.308,0,0.535,157.969,0.122,6,0
pop,0.747,0.507,-10.171,0.0358,0.2,0.0608,0.438,104.978,0.117,2,1
pop,0.7,0.582,-5.96,0.0356,0.0502,0,0.785,116.712,0.0881,11,0
pop,0.674,0.907,-4.086,0.064,0.101,0,0.721,112.964,0.297,3,1
pop,0.769,0.722,-5.485,0.0507,0.0584,2.56e-06,0.57,119.973,0.111,11,0
pop,0.494,0.413,-10.432,0.0254,0.682,6.72e-05,0.273,94.938,0.193,11,1
pop,0.739,0.727,-5.968,0.0426,0.0678,0,0.676,94.99,0.104,11,0
pop,0.742,0.757,-4.981,0.0421,0.0187,0,0.957,139.982,0.305,6,1
pop,0.467,0.247,-12.002,0.0431,0.612,0.000271,0.126,148.101,0.17,6,0
pop,0.61,0.65,-6.199,0.0474,0.399,0,0.507,106.719,0.11,6,1
pop,0.664,0.5,-6.935,0.0651,0.799,0,0.801,117.896,0.0966,9,1
pop,0.612,0.807,-2.81,0.0336,0.0495,0.0177,0.398,124.053,0.101,10,1
pop,0.66,0.756,-3.743,0.032,0.00289,0,0.838,116.034,0.193,0,0
pop,0.633,0.725,-4.257,0.0427,0.0461,0,0.64,130.504,0.205,5,1
pop,0.758,0.759,-5.315,0.0479,0.329,3.96e-06,0.732,126.012,0.144,5,1
pop,0.657,0.82,-4.448,0.0441,0.0176,0,0.709,124.041,0.0847,9,1
pop,0.701,0.76,-5.478,0.0285,0.107,6.54e-05,0.69,103.969,0.185,0,1
pop,0.644,0.874,-4.723,0.0265,0.0113,0,0.753,128.017,0.227,0,1
pop,0.699,0.776,-5.282,0.0293,0.131,5.36e-06,0.708,103.963,0.205,0,1
pop,0.432,0.583,-4.682,0.0687,0.174,0,0.544,181.489,0.0933,8,1
pop,0.722,0.709,-4.95,0.0273,0.0633,0,0.604,81.012,0.0804,9,1
pop,0.669,0.586,-6.073,0.054,0.274,0,0.579,107.071,0.104,9,1
pop,0.472,0.471,-5.692,0.0603,0.151,0,0.219,105.029,0.14,10,1
pop,0.669,0.561,-6.538,0.0411,0.495,0.00962,0.841,150.069,0.0954,10,1
pop,0.675,0.586,-6.086,0.0531,0.257,0,0.621,107.015,0.104,9,1
pop,0.638,0.855,-4.86,0.0264,0.00757,0,0.731,127.986,0.245,7,1
pop,0.705,0.339,-10.612,0.0278,0.552,0.0814,0.457,97.989,0.12,7,1
pop,0.722,0.706,-4.857,0.0292,0.072,0,0.599,80.969,0.067,9,1
pop,0.508,0.411,-6.95,0.0269,0.226,0,0.34,131.008,0.0571,1,1
pop,0.566,0.366,-12.808,0.028,0.113,0.181,0.237,129.96,0.155,7,1
pop,0.552,0.702,-5.707,0.157,0.117,2.06e-05,0.564,169.994,0.105,9,1
pop,0.635,0.601,-6.129,0.0295,0.246,0,0.332,123.994,0.11,1,0
pop,0.485,0.409,-10.711,0.101,0.325,0,0.376,138.419,0.103,9,0
pop,0.7,0.425,-12.531,0.0529,0.144,0.879,0.521,110.015,0.083,7,1
pop,0.559,0.551,-7.231,0.132,0.141,0,0.392,143.008,0.11,5,1
pop,0.893,0.4,-7.981,0.0643,0.0452,0.0823,0.945,124.987,0.0632,11,0
pop,0.74,0.697,-4.912,0.034,0.0268,0,0.732,138.992,0.224,8,1
pop,0.689,0.454,-7.643,0.0584,0.0351,0.00259,0.912,159.982,0.0707,2,1
pop,0.754,0.514,-7.721,0.0471,0.0257,3.98e-05,0.363,114.997,0.0808,1,0
pop,0.776,0.667,-6.622,0.0983,0.0146,0.3,0.618,130.019,0.0761,7,1
pop,0.411,0.619,-6.834,0.0368,0.62,0,0.337,177.937,0.11,1,1
pop,0.369,0.468,-9.013,0.0273,0.0205,0.566,0.18,94.434,0.109,5,1
pop,0.644,0.735,-5.747,0.0391,0.0521,0.144,0.418,88.98,0.161,8,1
pop,0.566,0.664,-5.303,0.0464,0.634,0,0.437,128.945,0.116,4,0
pop,0.791,0.694,-4.332,0.0335,0.0736,1.75e-06,0.826,123.508,0.0958,6,0
pop,0.765,0.556,-6.417,0.0512,0.275,0,0.274,111.033,0.0824,11,1
pop,0.571,0.544,-10.613,0.0299,0.453,0.00805,0.216,132.052,0.322,6,1
pop,0.418,0.815,-6.216,0.125,0.362,0,0.758,77.862,0.125,9,1
pop,0.672,0.52,-7.747,0.0353,0.859,0,0.37,120.001,0.115,8,1
pop,0.439,0.434,-14.918,0.0265,0.0783,5.18e-05,0.204,94.843,0.14,7,1
pop,0.555,0.599,-5.695,0.052,0.00925,0,0.415,86.727,0.102,2,1
pop,0.609,0.758,-4.885,0.0525,0.139,5.38e-06,0.236,124.949,0.11,0,0
pop,0.716,0.63,-7.509,0.108,0.475,0,0.588,91.003,0.0943,4,1
pop,0.804,0.957,-5.452,0.034,0.125,0.0174,0.962,126.035,0.114,0,1
pop,0.315,0.715,-8.072,0.0362,0.00125,7.97e-06,0.497,155.925,0.0942,11,0
pop,0.483,0.731,-6.696,0.0381,0.436,0,0.484,101.654,0.151,1,1
pop,0.474,0.921,-10.431,0.0457,0.00491,0.85,0.696,93.01,0.476,9,0
pop,0.741,0.62,-5.505,0.0412,0.0295,0.000809,0.934,117.038,0.0398,10,1
pop,0.88,0.428,-8.28,0.206,0.149,5.05e-05,0.333,100.007,0.114,9,1
pop,0.821,0.575,-6.57,0.0589,0.173,0.000242,0.611,136.962,0.114,5,0
pop,0.606,0.714,-6.244,0.0339,0.238,0.098,0.448,141.512,0.106,3,1
pop,0.513,0.73,-5.94,0.0598,0.00143,9.54e-05,0.334,171.001,0.0897,1,1
pop,0.264,0.64,-6.221,0.0442,0.0393,2.31e-06,0.19,84.828,0.151,8,1
pop,0.782,0.641,-6.431,0.0275,0.332,0.00923,0.522,107.997,0.108,3,1
pop,0.647,0.477,-8.264,0.0356,0.0585,0,0.477,142.034,0.159,6,1
pop,0.634,0.761,-4.752,0.0472,0.00537,0,0.785,129.963,0.549,5,1
pop,0.486,0.617,-7.115,0.0287,0.0954,3.23e-06,0.417,138.015,0.109,5,0
pop,0.645,0.534,-10.8,0.0479,0.157,0,0.463,105.02,0.0863,6,0
pop,0.429,0.661,-7.227,0.0281,0.00239,0.000121,0.285,173.372,0.234,11,1
pop,0.531,0.363,-7.672,0.0608,0.749,0,0.259,121.412,0.112,10,1
pop,0.701,0.751,-8.39,0.0502,0.123,0,0.22,129.994,0.15,0,1
pop,0.894,0.791,-4.699,0.112,0.0183,0,0.583,105.018,0.0388,2,1
pop,0.586,0.358,-9.761,0.0308,0.556,0,0.365,169.925,0.11,7,1
pop,0.504,0.386,-10.976,0.0308,0.502,1.53e-05,0.281,192.004,0.0961,11,1
pop,0.619,0.542,-8.681,0.0529,0.288,0,0.308,99.824,0.151,2,1
pop,0.417,0.33,-13.925,0.0275,0.247,0.000689,0.175,157.113,0.0677,9,1
pop,0.741,0.62,-5.505,0.0412,0.0295,0.000809,0.934,117.038,0.0398,10,1
pop,0.829,0.617,-8.497,0.14,0.227,0.00306,0.81,125.605,0.0618,1,1
pop,0.692,0.684,-7.364,0.155,0.131,0,0.406,112.912,0.156,6,1
pop,0.645,0.795,-12.095,0.0527,0.347,0.00389,0.535,112.067,0.104,7,1
pop,0.857,0.62,-8.13,0.0472,0.646,0.244,0.796,120.042,0.0934,0,1
pop,0.669,0.606,-7.193,0.0292,0.124,0,0.69,112.108,0.112,8,1
pop,0.588,0.521,-9.461,0.0329,0.0678,0.149,0.337,85.012,0.123,10,1
pop,0.6,0.663,-5.802,0.0477,0.225,0,0.286,121.07,0.119,3,1
pop,0.472,0.471,-5.692,0.0603,0.151,0,0.219,105.029,0.14,10,1
pop,0.391,0.084,-17.843,0.0317,0.953,0,0.111,79.449,0.0983,0,1
pop,0.571,0.717,-5.807,0.0365,0.508,1.17e-06,0.661,171.858,0.112,6,1
pop,0.726,0.698,-4.165,0.0431,0.049,0,0.867,143.994,0.309,5,1
pop,0.628,0.453,-10.141,0.0271,0.448,0.000538,0.328,89.969,0.165,1,1
pop,0.52,0.8,-4.256,0.041,0.00801,0,0.538,93.155,0.303,1,1
pop,0.695,0.763,-3.497,0.0396,0.189,0.00242,0.551,120.042,0.0863,0,1
pop,0.663,0.77,-4.88,0.0371,0.0876,0,0.772,132.058,0.352,0,1
pop,0.643,0.849,-5.428,0.0526,0.0371,0,0.903,162.152,0.058,2,1
pop,0.526,0.749,-6.964,0.0283,0.023,1.76e-06,0.421,99.982,0.0692,3,1
pop,0.645,0.646,-8.334,0.0427,0.0615,3.04e-05,0.295,115.842,0.074,5,1
pop,0.62,0.706,-4.176,0.0251,0.0755,7.78e-06,0.591,81.989,0.185,3,1
pop,0.706,0.8,-6.333,0.0399,0.00584,0,0.629,100.011,0.0822,5,1
pop,0.66,0.757,-3.743,0.0321,0.00289,0,0.838,116.034,0.193,0,0
pop,0.66,0.757,-3.743,0.0321,0.00289,0,0.838,116.034,0.193,0,0
pop,0.61,0.926,-4.843,0.0479,0.031,0.0012,0.861,172.638,0.0821,8,0
classical,0.447,0.449,-10.634,0.0376,0.934,0.961,0.036,92.468,0.0697,2,1
classical,0.218,0.111,-21.375,0.0688,0.895,0.834,0.27,77.423,0.165,7,1
classical,0.225,0.00407,-37.107,0.0464,0.987,0.936,0.32,73.595,0.112,3,1
classical,0.213,0.0656,-24.81,0.0467,0.992,0.969,0.0384,65.023,0.0699,7,1
classical,0.468,0.0127,-36.856,0.123,0.994,0.937,0.356,72.776,0.094,7,1
classical,0.184,0.00527,-37.264,0.0432,0.995,0.887,0.151,170.612,0.173,1,0
classical,0.32,0.00501,-33.366,0.0455,0.993,0.919,0.0383,68.947,0.0618,1,1
classical,0.315,0.22,-21.343,0.0514,0.987,0.943,0.116,145.195,0.0802,9,1
classical,0.136,0.164,-18.756,0.0364,0.911,0.916,0.071,58.303,0.109,4,0
classical,0.239,0.287,-12.565,0.0388,0.876,0.644,0.185,71.608,0.122,7,0
classical,0.0999,0.181,-17.599,0.0424,0.94,0.888,0.0922,71.277,0.105,0,0
classical,0.335,0.00532,-31.646,0.0376,0.994,0.912,0.0397,65.832,0.0621,1,1
classical,0.464,0.305,-12.435,0.0316,0.936,0.0848,0.281,107.854,0.208,3,0
classical,0.429,0.258,-16.967,0.0549,0.957,0.893,0.0972,78.809,0.115,7,0
classical,0.169,0.0161,-31.034,0.0442,0.986,0.86,0.0573,128.143,0.0805,9,0
classical,0.0921,0.0183,-31.858,0.0513,0.942,0.94,0.039,166.979,0.195,7,1
classical,0.216,0.149,-18.173,0.0402,0.986,0.94,0.117,123.201,0.0921,7,1
classical,0.252,0.0875,-24.711,0.0403,0.989,0.873,0.126,135.774,0.108,9,0
classical,0.418,0.00869,-37.257,0.0455,0.996,0.962,0.42,87.273,0.105,7,1
classical,0.225,0.0047,-30.928,0.0509,0.992,0.881,0.186,163.665,0.0722,1,0
classical,0.454,0.0076,-33.663,0.0408,0.995,0.91,0.294,64.645,0.0864,4,1
classical,0.339,0.00572,-32.309,0.0378,0.986,0.923,0.0616,72.7,0.103,11,0
classical,0.338,0.00887,-32.602,0.0459,0.994,0.957,0.114,113.173,0.109,8,1
classical,0.191,0.0582,-25.398,0.0578,0.961,0.89,0.0454,132.614,0.0941,8,1
classical,0.287,0.00703,-41.696,0.0518,0.995,0.909,0.693,124.244,0.0997,8,0
classical,0.417,0.026,-36.7,0.0493,0.995,0.938,0.269,135.244,0.107,1,1
classical,0.526,0.0344,-27.855,0.11,0.996,0.924,0.208,67.101,0.118,7,0
classical,0.282,0.0264,-26.705,0.0384,0.982,0.871,0.0672,144.542,0.088,4,1
classical,0.488,0.181,-17.76,0.0555,0.827,0.0474,0.888,145.98,0.264,11,0
classical,0.295,0.207,-18.213,0.0358,0.992,0.931,0.112,98.39,0.164,8,1
classical,0.399,0.0439,-24.491,0.0463,0.979,1.69e-06,0.418,99.718,0.284,8,0
classical,0.199,0.049,-21.91,0.049,0.93,0.0393,0.0758,111.693,0.0836,1,0
classical,0.279,0.0876,-27.941,0.0383,0.989,0.896,0.0973,134.041,0.132,0,1
classical,0.491,0.0282,-35.207,0.0469,0.996,0.923,0.429,104.072,0.117,7,0
classical,0.175,0.0418,-25.426,0.0402,0.992,0.907,0.0686,66.084,0.0748,6,1
classical,0.28,0.00856,-30.663,0.0406,0.995,0.903,0.209,69.877,0.107,8,1
classical,0.335,0.0121,-27.15,0.0455,0.995,0.883,0.168,68.764,0.0858,4,0
classical,0.302,0.355,-9.742,0.0312,0.915,0.683,0.222,80.371,0.117,2,0
classical,0.36,0.0457,-20.132,0.0327,0.981,0.933,0.124,65.971,0.105,6,1
classical,0.585,0.025,-27.829,0.084,0.991,0.878,0.597,80.555,0.101,7,1
classical,0.327,0.0055,-33.208,0.0426,0.986,0.0403,0.0891,107.052,0.133,8,1
classical,0.398,0.0294,-27.708,0.0388,0.995,0.913,0.0629,76.355,0.0475,2,0
classical,0.403,0.104,-23.741,0.0348,0.992,0.961,0.167,134.918,0.134,3,1
classical,0.122,0.029,-26.627,0.0419,0.971,0.069,0.0364,81.547,0.123,6,1
classical,0.243,0.00395,-34.378,0.0341,0.973,0.875,0.193,67.057,0.0775,7,0
classical,0.291,0.0341,-27.103,0.0367,0.992,0.893,0.163,69.814,0.117,1,0
classical,0.287,0.0937,-20.273,0.0277,0.986,0.866,0.167,85.935,0.0885,1,1
classical,0.163,0.0114,-35.363,0.0449,0.995,0.875,0.281,61.763,0.116,7,1
classical,0.302,0.0372,-28.311,0.0434,0.995,0.886,0.134,177.82,0.075,10,1
classical,0.296,0.0773,-25.922,0.0405,0.994,0.904,0.0914,77.443,0.0818,6,0
classical,0.386,0.00246,-28.015,0.0883,0.995,0.85,0.0441,72.317,0.101,5,0
classical,0.242,0.00564,-34.32,0.0447,0.989,0.873,0.0931,72.699,0.0744,1,0
classical,0.463,0.056,-23.791,0.0442,0.99,0.907,0.115,159.915,0.0695,9,0
classical,0.234,0.0216,-30.124,0.0436,0.995,0.898,0.0492,73.639,0.0702,5,1
classical,0.524,0.25,-15.415,0.0411,0.941,0.928,0.645,109.991,0.266,0,0
classical,0.358,0.0144,-30.311,0.0362,0.992,0.88,0.0649,59.068,0.069,3,1
classical,0.322,0.00597,-32.227,0.0459,0.995,0.928,0.0393,69.919,0.0686,1,1
classical,0.317,0.0951,-22.348,0.0518,0.982,0.542,0.71,83.291,0.222,6,1
classical,0.209,0.0358,-24.723,0.0451,0.991,0.916,0.0312,67.714,0.0806,8,1
classical,0.189,0.0627,-24.534,0.0366,0.991,0.933,0.0394,62.016,0.0943,0,0
classical,0.501,0.0154,-24.874,0.0609,0.989,0.949,0.0394,65.82,0.132,8,1
classical,0.54,0.209,-16.648,0.0449,0.915,0.0361,0.836,110.494,0.281,4,1
classical,0.358,0.00343,-38.916,0.0475,0.992,0.854,0.0482,58.045,0.0716,2,0
classical,0.217,0.0098,-31.274,0.0468,0.995,0.899,0.107,64.796,0.0645,7,0
classical,0.48,0.0274,-24.966,0.0495,0.971,0.943,0.215,160.56,0.101,6,1
classical,0.148,0.0294,-28.633,0.0395,0.979,0.927,0.0371,90.814,0.1,4,1
classical,0.234,0.0207,-28.977,0.0375,0.991,0.918,0.0365,80.304,0.133,1,1
classical,0.433,0.00393,-35.967,0.0622,0.992,0.948,0.136,138.629,0.0594,4,0
classical,0.253,0.107,-22.68,0.0461,0.993,0.888,0.0379,66.943,0.123,1,1
classical,0.261,0.0312,-28.733,0.0332,0.978,0.902,0.115,64.976,0.0886,5,1
classical,0.556,0.0126,-24.994,0.0965,0.995,0.933,0.0866,99.151,0.0978,4,0
classical,0.333,0.201,-21.426,0.0375,0.986,0.912,0.0366,115.721,0.173,6,0
classical,0.136,0.0681,-27.094,0.0399,0.991,0.922,0.0336,56.088,0.0703,1,1
classical,0.225,0.0944,-24.985,0.0348,0.979,0.931,0.04,77.723,0.0891,1,0
classical,0.391,0.141,-22.924,0.0545,0.985,0.912,0.668,89.719,0.145,6,1
classical,0.528,0.202,-17.957,0.0458,0.909,0.0849,0.636,111.552,0.105,4,1
classical,0.353,0.0615,-25.159,0.0612,0.995,0.51,0.726,89.71,0.122,7,1
classical,0.261,0.0555,-25.707,0.0375,0.991,0.88,0.148,79.39,0.173,10,1
classical,0.256,0.0319,-25.961,0.0463,0.976,2.08e-05,0.191,129.158,0.0719,7,0
classical,0.444,0.0908,-22.296,0.0648,0.98,0.839,0.626,140.285,0.128,6,1
classical,0.246,0.114,-17.737,0.0453,0.98,0.0639,0.0986,98.742,0.0796,10,0
classical,0.511,0.158,-21.263,0.0648,0.985,0.894,0.858,125.057,0.159,6,1
classical,0.269,0.031,-26.854,0.0485,0.949,0.765,0.234,110.961,0.114,6,1
classical,0.52,0.0873,-20.015,0.0704,0.976,0.895,0.863,76.241,0.108,1,1
classical,0.409,0.194,-22.745,0.055,0.974,0.846,0.586,112.847,0.152,11,1
classical,0.12,0.0424,-22.957,0.048,0.923,0.0271,0.039,83.245,0.081,7,0
classical,0.429,0.236,-19.074,0.0402,0.987,0.866,0.902,135.546,0.295,1,0
classical,0.462,0.207,-18.438,0.0517,0.919,0.142,0.6,120.276,0.0949,2,0
classical,0.466,0.279,-15.579,0.0444,0.903,0.381,0.897,149.148,0.175,2,1
classical,0.36,0.0691,-23.795,0.0599,0.984,0.885,0.351,132.761,0.11,1,0
classical,0.502,0.0683,-20.249,0.0676,0.983,0.76,0.341,107.535,0.109,1,1
classical,0.503,0.149,-20.132,0.0526,0.982,0.891,0.782,112.24,0.102,1,0
classical,0.276,0.0218,-26.215,0.0433,0.961,0.6,0.0971,100.388,0.109,1,0
classical,0.329,0.0797,-22.143,0.0538,0.985,0.904,0.574,82.243,0.121,1,0
classical,0.45,0.282,-16.884,0.0416,0.935,0.491,0.495,139.313,0.221,7,0
classical,0.282,0.152,-14.313,0.0346,0.955,0.911,0.116,60.237,0.175,2,0
classical,0.61,0.0815,-20.149,0.0485,0.979,0.75,0.629,96.503,0.102,7,1
classical,0.184,0.0907,-20.078,0.0518,0.888,0.303,0.158,93.096,0.14,0,0
classical,0.472,0.281,-11.712,0.033,0.94,0.0518,0.456,85.967,0.106,2,0
classical,0.423,0.102,-24.513,0.0549,0.983,0.852,0.845,78.446,0.116,6,0
metal,0.488,0.87,-4.185,0.0421,0.00353,0,0.211,110.072,0.484,6,0
metal,0.556,0.864,-5.87,0.0584,0.00958,0,0.4,105.143,0.209,3,0
metal,0.413,0.881,-5.541,0.0367,5.99e-05,0.000308,0.364,158.066,0.0805,11,0
metal,0.643,0.849,-5.428,0.0526,0.0371,0,0.903,162.152,0.058,2,1
metal,0.466,0.872,-3.344,0.0336,0.0156,0,0.806,184.115,0.121,7,1
metal,0.446,0.764,-5.042,0.033,0.00135,0,0.543,172.094,0.099,10,1
metal,0.595,0.717,-4.803,0.0295,0.0779,0.00274,0.547,88.969,0.108,0,1
metal,0.386,0.677,-5.83,0.0346,0.00841,0.00366,0.195,126.602,0.341,2,1
metal,0.417,0.934,-3.908,0.119,0.000278,0.0015,0.287,127.066,0.132,7,0
metal,0.554,0.98,-3.514,0.108,0.127,0,0.611,135.12,0.0833,4,1
metal,0.492,0.969,-4.419,0.0491,0.0014,1.32e-06,0.538,95.136,0.0787,9,1
metal,0.553,0.853,-3.668,0.0339,0.000684,0,0.506,122.023,0.126,8,1
metal,0.331,0.943,-3.188,0.0698,0.00721,2.06e-06,0.296,94.612,0.242,4,0
metal,0.545,0.865,-5.708,0.0286,0.00664,1.1e-05,0.543,99.005,0.168,11,0
metal,0.59,0.963,-6.489,0.0676,8.75e-05,0.000105,0.586,125.033,0.0781,0,0
metal,0.434,0.897,-4.918,0.0488,0.0103,0,0.685,148.708,0.612,0,1
metal,0.432,0.884,-6.657,0.128,0.0128,0.000457,0.619,108.835,0.166,8,1
metal,0.727,0.834,-5.851,0.0496,0.165,0,0.816,131.7,0.105,2,1
metal,0.566,0.834,-8.412,0.0298,0.00277,0.008,0.621,123.296,0.0625,6,0
metal,0.333,0.927,-8.55,0.0733,0.0029,0.000208,0.385,141.466,0.297,9,0
metal,0.55,0.917,-3.159,0.0638,0.00428,0,0.601,126.115,0.197,0,1
metal,0.498,0.83,-5.157,0.0421,0.00461,0,0.453,89.342,0.139,6,0
metal,0.413,0.873,-4.151,0.0536,0.000264,0.00249,0.48,116.68,0.204,8,1
metal,0.571,0.928,-3.725,0.0453,0.00932,0,0.489,127.939,0.297,4,0
metal,0.618,0.938,-3.442,0.0456,0.0179,0,0.875,91.455,0.167,9,1
metal,0.445,0.952,-5.321,0.0522,0.09,0.0843,0.624,125.304,0.112,6,1
metal,0.494,0.946,-2.757,0.0637,0.00129,0,0.741,103.408,0.398,4,1
metal,0.559,0.345,-13.496,0.0459,0.0576,0.000105,0.458,84.581,0.141,4,1
metal,0.645,0.792,-7.34,0.036,0.0562,0.0121,0.666,90.565,0.119,4,0
metal,0.459,0.83,-6.254,0.0364,5.15e-05,0.00014,0.431,155.827,0.206,2,1
metal,0.541,0.969,-3.439,0.0458,0.113,0,0.599,140.119,0.638,11,1
metal,0.532,0.887,-3.757,0.0335,0.0778,0.000206,0.794,122.509,0.294,0,1
metal,0.269,0.853,-4.647,0.0854,0.000249,0.000246,0.179,141.581,0.118,7,0
metal,0.443,0.781,-4.277,0.0377,1.33e-05,0.205,0.372,71.841,0.166,1,1
metal,0.353,0.898,-5.877,0.052,2.23e-05,0.105,0.525,103.299,0.39,2,1
metal,0.644,0.939,-3.486,0.0456,0.157,0,0.861,106.031,0.233,11,0
metal,0.64,0.957,-2.336,0.0741,0.0431,0,0.692,134.992,0.0789,8,1
metal,0.377,0.681,-8.039,0.0298,0.00088,0.0023,0.285,108.789,0.0504,7,1
metal,0.589,0.89,-3.719,0.06,0.000481,0.00082,0.687,90.586,0.201,4,0
metal,0.592,0.767,-2.788,0.027,0.0021,0.00165,0.328,96.483,0.127,9,0
metal,0.354,0.982,-3.026,0.168,0.000237,0.000294,0.194,143.772,0.204,4,0
metal,0.47,0.796,-3.277,0.0336,0.362,1.1e-06,0.215,113.108,0.133,8,0
metal,0.35,0.828,-5.373,0.041,0.000217,0.000161,0.147,105.435,0.0774,6,1
metal,0.554,0.932,-3.424,0.0485,0.00154,0.000139,0.478,112.488,0.425,5,0
metal,0.523,0.943,-4.203,0.0337,0.00704,3.81e-05,0.766,99.607,0.0579,1,1
metal,0.206,0.965,-5.116,0.079,9.91e-06,0.827,0.168,92.615,0.367,1,1
metal,0.509,0.843,-3.318,0.0488,0.000671,0.000803,0.332,140.055,0.348,1,0
metal,0.355,0.791,-7.565,0.0453,0.00045,0,0.758,106.392,0.0969,8,1
metal,0.454,0.987,-4.485,0.0881,0.0195,0.279,0.316,123.61,0.268,8,1
metal,0.364,0.922,-4.217,0.0567,0.000915,0.0346,0.227,79.342,0.0697,0,0
metal,0.451,0.815,-5.55,0.0368,6.06e-05,0,0.618,147.974,0.27,2,0
metal,0.545,0.932,-2.189,0.0399,0.000665,0,0.464,92.956,0.127,7,0
metal,0.614,0.568,-5.477,0.0276,0.00797,0,0.516,107.849,0.0997,7,0
metal,0.394,0.944,-6.506,0.0761,0.00178,4.54e-06,0.265,105.338,0.298,10,0
metal,0.367,0.634,-6.475,0.027,0.000824,0.0759,0.0964,89.981,0.116,5,1
metal,0.412,0.658,-12.051,0.0708,4.52e-05,0.000774,0.454,163.071,0.176,4,0
metal,0.494,0.939,-3.127,0.126,0.00666,0,0.893,177.751,0.139,1,1
metal,0.611,0.95,-3.509,0.0518,0.00141,1.59e-06,0.607,132.078,0.0543,8,1
metal,0.58,0.702,-5.565,0.0337,0.0466,3.2e-06,0.299,105.076,0.536,4,1
metal,0.687,0.677,-4.172,0.0508,0.000643,0.000137,0.545,75.052,0.0564,2,1
metal,0.541,0.959,-2.947,0.0505,0.0663,2.18e-06,0.812,122.805,0.344,0,0
metal,0.391,0.951,-7.419,0.0688,0.012,0.000446,0.468,157.663,0.0878,6,1
metal,0.64,0.864,-6.576,0.0314,0.00832,0,0.701,102.026,0.123,7,1
metal,0.524,0.939,-3.994,0.113,0.00022,0,0.661,150.184,0.623,9,1
metal,0.363,0.982,-3.621,0.3,0.00123,0.00218,0.275,179.23,0.284,7,0
metal,0.627,0.935,-4.882,0.0324,0.0092,0,0.287,120.092,0.147,5,1
metal,0.215,0.927,-7.327,0.0452,0.000273,0.00661,0.49,170.814,0.126,9,1
metal,0.47,0.859,-3.663,0.0537,0.000362,0.00691,0.17,124.01,0.142,2,1
metal,0.392,0.964,-4.441,0.0644,7.13e-05,0.0387,0.269,167.024,0.106,10,0
metal,0.454,0.913,-4.008,0.107,0.408,0.000271,0.521,137.688,0.248,9,1
metal,0.466,0.833,-4.215,0.304,0.0266,0,0.661,88.785,0.0327,7,1
metal,0.656,0.932,-3.405,0.0708,0.00347,0.00147,0.544,130.936,0.144,4,0
metal,0.465,0.954,-4.251,0.044,0.000346,5.38e-06,0.458,143.85,0.573,10,1
metal,0.548,0.691,-13.553,0.0369,0.015,0.106,0.667,137.145,0.144,4,0
metal,0.16,0.954,-5.179,0.0685,0.023,4.01e-06,0.336,165.223,0.372,9,1
metal,0.509,0.774,-4.054,0.0338,0.00189,0.000549,0.0824,116.529,0.143,6,1
metal,0.463,0.898,-4.462,0.0467,0.000288,0.000236,0.563,129.987,0.111,11,1
metal,0.451,0.951,-3.754,0.0645,0.000386,2.56e-06,0.441,162.041,0.261,1,1
metal,0.457,0.834,-4.674,0.0817,0.00252,0.00125,0.201,140.032,0.1,5,0
metal,0.539,0.828,-9.108,0.035,0.00067,0.421,0.562,105.25,0.154,4,0
metal,0.655,0.781,-6.547,0.034,0.00103,5.33e-06,0.584,110.024,0.0867,11,1
metal,0.486,0.904,-3.751,0.0638,3.43e-05,2.83e-05,0.786,173.734,0.0947,6,0
metal,0.718,0.691,-6.44,0.0387,0.0159,0,0.552,100.008,0.0627,4,1
metal,0.488,0.862,-7.595,0.0476,0.0204,0,0.706,104.56,0.359,0,1
metal,0.268,0.98,-5.959,0.101,0.019,0.00692,0.39,100.316,0.182,11,1
metal,0.458,0.795,-3.265,0.0574,0.00316,0.000202,0.513,123.229,0.0756,0,1
metal,0.389,0.476,-9.342,0.0316,0.619,5.09e-05,0.566,148.117,0.255,9,1
metal,0.617,0.922,-3.474,0.0744,0.000247,0.388,0.6,132.059,0.363,11,1
metal,0.384,0.561,-10.059,0.0296,0.373,0.253,0.159,136.136,0.0775,3,0
metal,0.518,0.948,-5.579,0.0676,0.00512,0.0996,0.548,103.025,0.228,6,0
metal,0.53,0.768,-5.611,0.0284,0.00385,0,0.374,148.095,0.103,7,1
metal,0.512,0.86,-6.145,0.0703,0.00631,0.00528,0.258,117.909,0.0652,0,1
metal,0.404,0.72,-9.18,0.0623,5.59e-05,0.836,0.475,121.864,0.0466,10,0
metal,0.603,0.933,-3.358,0.171,0.00591,0,0.709,96.311,0.206,1,1
metal,0.46,0.796,-4.501,0.0333,0.00107,0,0.182,100.011,0.106,0,0
metal,0.695,0.876,-4.262,0.0553,0.000996,6.89e-06,0.941,89.954,0.106,3,0
metal,0.556,0.913,-2.36,0.0437,0.0193,8.59e-06,0.73,96.184,0.346,0,1
metal,0.297,0.842,-7.457,0.0488,0.000286,9.1e-06,0.586,100.127,0.0848,6,1
metal,0.474,0.671,-4.649,0.0289,0.0129,0,0.0682,82.94,0.159,4,1
metal,0.511,0.625,-7.911,0.0494,0.0504,0.00011,0.107,118.064,0.311,3,0
rock,0.612,0.807,-2.81,0.0336,0.0495,0.0177,0.398,124.053,0.101,10,1
rock,0.52,0.852,-5.866,0.0543,0.00237,5.79e-05,0.234,140.267,0.0733,0,1
rock,0.828,0.492,-9.744,0.0276,0.0644,0.00428,0.789,120.151,0.128,0,1
rock,0.352,0.911,-5.23,0.0747,0.00121,0,0.236,148.033,0.0995,1,1
rock,0.566,0.664,-5.303,0.0464,0.634,0,0.437,128.945,0.116,4,0
rock,0.464,0.417,-9.345,0.0256,0.136,0.022,0.479,67.528,0.0974,0,0
rock,0.439,0.434,-14.918,0.0265,0.0783,5.18e-05,0.204,94.843,0.14,7,1
rock,0.573,0.683,-6.644,0.176,0.461,0,0.817,169.519,0.0935,5,1
rock,0.636,0.676,-3.442,0.0263,0.0807,0,0.273,113.98,0.0831,2,1
rock,0.555,0.216,-11.661,0.0721,0.557,0.00416,0.504,79.109,0.109,3,1
rock,0.515,0.43,-9.935,0.0372,0.0097,0.000133,0.104,91.844,0.129,7,1
rock,0.315,0.715,-8.072,0.0362,0.00125,7.97e-06,0.497,155.925,0.0942,11,0
rock,0.483,0.731,-6.696,0.0381,0.436,0,0.484,101.654,0.151,1,1
rock,0.741,0.62,-5.505,0.0412,0.0295,0.000809,0.934,117.038,0.0398,10,1
rock,0.491,0.583,-10.964,0.0376,0.185,0,0.908,150.566,0.406,7,1
rock,0.505,0.754,-7.435,0.0366,0.132,0,0.51,119.204,0.204,4,1
rock,0.531,0.363,-7.672,0.0608,0.749,0,0.259,121.412,0.112,10,1
rock,0.488,0.87,-4.185,0.0421,0.00353,0,0.211,110.072,0.484,6,0
rock,0.741,0.62,-5.505,0.0412,0.0295,0.000809,0.934,117.038,0.0398,10,1
rock,0.556,0.864,-5.87,0.0584,0.00958,0,0.4,105.143,0.209,3,0
rock,0.645,0.795,-12.095,0.0527,0.347,0.00389,0.535,112.067,0.104,7,1
rock,0.413,0.881,-5.541,0.0367,5.99e-05,0.000308,0.364,158.066,0.0805,11,0
rock,0.588,0.521,-9.461,0.0329,0.0678,0.149,0.337,85.012,0.123,10,1
rock,0.733,0.71,-5.849,0.0292,0.145,0.115,0.965,127.975,0.0956,5,0
rock,0.643,0.849,-5.428,0.0526,0.0371,0,0.903,162.152,0.058,2,1
rock,0.526,0.749,-6.964,0.0283,0.023,1.76e-06,0.421,99.982,0.0692,3,1
rock,0.64,0.663,-7.516,0.0374,0.201,0.00806,0.663,132.77,0.152,0,1
rock,0.64,0.74,-4.083,0.0284,0.0115,0.00678,0.785,116.879,0.167,4,1
rock,0.466,0.872,-3.344,0.0336,0.0156,0,0.806,184.115,0.121,7,1
rock,0.446,0.764,-5.042,0.033,0.00135,0,0.543,172.094,0.099,10,1
rock,0.595,0.717,-4.803,0.0295,0.0779,0.00274,0.547,88.969,0.108,0,1
rock,0.682,0.765,-5.021,0.0395,0.0268,3.42e-05,0.567,90.807,0.188,1,0
rock,0.551,0.881,-6.099,0.0542,0.186,0.0791,0.387,88.036,0.152,7,0
rock,0.636,0.849,-7.075,0.106,0.0438,0,0.917,156.036,0.372,0,1
rock,0.386,0.677,-5.83,0.0346,0.00841,0.00366,0.195,126.602,0.341,2,1
rock,0.551,0.529,-10.469,0.0517,0.296,0.0093,0.521,75.515,0.178,5,0
rock,0.417,0.934,-3.908,0.119,0.000278,0.0015,0.287,127.066,0.132,7,0
rock,0.578,0.866,-3.804,0.0619,0.00701,0,0.619,128.038,0.257,1,1
rock,0.489,0.755,-4.471,0.045,0.0124,0,0.384,113.05,0.28,6,1
rock,0.578,0.509,-6.229,0.0279,0.13,0.734,0.586,119.945,0.344,2,1
rock,0.691,0.631,-6.478,0.0368,0.0483,1.13e-05,0.8,92.004,0.104,2,1
rock,0.554,0.98,-3.514,0.108,0.127,0,0.611,135.12,0.0833,4,1
rock,0.761,0.525,-6.9,0.0944,0.44,6.7e-06,0.531,80.87,0.0921,11,1
rock,0.612,0.196,-19.489,0.0359,0.706,0.319,0.142,73.489,0.111,7,0
rock,0.508,0.792,-7.311,0.0297,0.229,0.124,0.601,147.067,0.145,0,0
rock,0.492,0.969,-4.419,0.0491,0.0014,1.32e-06,0.538,95.136,0.0787,9,1
rock,0.502,0.912,-4.556,0.0564,2.55e-05,0.000173,0.72,116.761,0.106,1,1
rock,0.501,0.765,-7.063,0.0281,0.00294,0.49,0.46,91.771,0.184,6,0
rock,0.664,0.573,-6.519,0.0277,0.613,0.000363,0.566,76.023,0.0857,5,1
rock,0.553,0.853,-3.668,0.0339,0.000684,0,0.506,122.023,0.126,8,1
rock,0.818,0.705,-6.679,0.177,0.00836,0.00233,0.772,138.559,0.613,6,1
rock,0.575,0.568,-5.509,0.03,0.0484,0.000417,0.37,93.986,0.286,9,0
rock,0.517,0.906,-3.677,0.0735,0.00272,9.26e-06,0.731,172.977,0.113,1,1
rock,0.508,0.774,-5.973,0.0321,0.0586,4.87e-06,0.942,178.946,0.063,2,1
rock,0.502,0.89,-5.175,0.0364,0.000147,0.0117,0.259,133.52,0.217,4,1
rock,0.724,0.498,-13.083,0.0423,0.0405,8.56e-05,0.823,88.825,0.0761,11,0
rock,0.574,0.913,-4.793,0.133,0.061,0.00158,0.423,115.728,0.156,6,0
rock,0.5,0.824,-5.846,0.0388,0.00016,0.00161,0.539,120.125,0.0916,4,0
rock,0.542,0.905,-5.653,0.054,0.00172,0.0104,0.374,153.398,0.136,9,1
rock,0.532,0.767,-5.509,0.0574,0.00287,0.000513,0.755,127.361,0.39,7,1
rock,0.545,0.865,-5.708,0.0286,0.00664,1.1e-05,0.543,99.005,0.168,11,0
rock,0.59,0.963,-6.489,0.0676,8.75e-05,0.000105,0.586,125.033,0.0781,0,0
rock,0.434,0.897,-4.918,0.0488,0.0103,0,0.685,148.708,0.612,0,1
rock,0.481,0.638,-5.862,0.0276,0.153,0,0.497,79.064,0.154,0,1
rock,0.673,0.886,-4.44,0.0431,0.185,0,0.795,97.012,0.0826,1,0
rock,0.741,0.697,-7.028,0.0277,0.0664,2.28e-05,0.774,116.109,0.133,0,1
rock,0.692,0.711,-7.498,0.0317,0.225,0,0.875,125.135,0.12,0,0
rock,0.743,0.446,-7.807,0.0683,0.0039,0.118,0.278,123.596,0.337,4,0
rock,0.432,0.884,-6.657,0.128,0.0128,0.000457,0.619,108.835,0.166,8,1
rock,0.727,0.834,-5.851,0.0496,0.165,0,0.816,131.7,0.105,2,1
rock,0.566,0.834,-8.412,0.0298,0.00277,0.008,0.621,123.296,0.0625,6,0
rock,0.333,0.927,-8.55,0.0733,0.0029,0.000208,0.385,141.466,0.297,9,0
rock,0.557,0.54,-10.484,0.0347,0.0339,0.00248,0.394,129.177,0.179,9,1
rock,0.648,0.594,-7.027,0.0293,0.114,0.0462,0.544,113.983,0.116,11,0
rock,0.414,0.161,-22.32,0.0318,0.883,0.000223,0.423,159.375,0.117,7,0
rock,0.55,0.917,-3.159,0.0638,0.00428,0,0.601,126.115,0.197,0,1
rock,0.498,0.83,-5.157,0.0421,0.00461,0,0.453,89.342,0.139,6,0
rock,0.464,0.795,-9.267,0.0926,0.0493,0.00244,0.612,158.691,0.399,1,1
rock,0.521,0.526,-6.032,0.0281,0.243,0.00537,0.502,130.694,0.108,5,1
rock,0.439,0.421,-17.227,0.0411,0.0148,4.88e-05,0.551,81.833,0.0697,8,1
rock,0.763,0.803,-3.713,0.0351,0.0709,0.285,0.561,103.04,0.348,1,1
rock,0.559,0.543,-5.429,0.302,0.00133,2e-05,0.337,75.958,0.0577,1,1
rock,0.655,0.818,-4.852,0.0319,0.000182,0.00399,0.767,117.956,0.104,0,1
rock,0.475,0.432,-7.844,0.0302,0.183,0,0.648,94.605,0.161,7,1
rock,0.413,0.873,-4.151,0.0536,0.000264,0.00249,0.48,116.68,0.204,8,1
rock,0.309,0.649,-8.994,0.035,0.0158,0.00591,0.312,166.915,0.367,7,1
rock,0.404,0.393,-6.607,0.0262,0.806,0.000443,0.403,98.217,0.0938,2,1
rock,0.745,0.347,-13.145,0.0418,0.246,0,0.899,155.539,0.0861,2,1
rock,0.548,0.532,-7.596,0.0323,0.186,0.000263,0.405,85.03,0.217,5,1
rock,0.671,0.373,-18.064,0.0323,0.257,8.01e-05,0.732,92.718,0.0481,9,1
rock,0.571,0.928,-3.725,0.0453,0.00932,0,0.489,127.939,0.297,4,0
rock,0.538,0.557,-8.678,0.0914,0.262,0.914,0.506,131.03,0.102,11,1
rock,0.618,0.938,-3.442,0.0456,0.0179,0,0.875,91.455,0.167,9,1
rock,0.445,0.952,-5.321,0.0522,0.09,0.0843,0.624,125.304,0.112,6,1
rock,0.494,0.946,-2.757,0.0637,0.00129,0,0.741,103.408,0.398,4,1
rock,0.532,0.495,-6.662,0.0343,0.659,0,0.308,124.936,0.0754,10,1
rock,0.602,0.923,-3.763,0.044,0.0098,0,0.765,136.01,0.0561,5,1
rock,0.82,0.452,-9.796,0.0348,0.543,0.00294,0.74,117.401,0.0714,1,1
rock,0.732,0.396,-9.348,0.0286,0.0841,3.58e-05,0.548,90.024,0.105,4,0
rock,0.545,0.67,-8.81,0.0496,0.009,0.000822,0.481,151.553,0.0451,9,1
jazz,0.674,0.832,-7.892,0.0308,0.146,5.06e-06,0.981,125.996,0.138,9,1
jazz,0.768,0.367,-11.226,0.0315,0.683,1.79e-05,0.532,103.621,0.081,2,1
jazz,0.477,0.433,-6.473,0.0247,0.689,0.000195,0.611,82.52,0.151,11,0
jazz,0.869,0.648,-8.698,0.0633,0.121,2.17e-05,0.9,125.035,0.126,11,0
jazz,0.274,0.348,-8.631,0.0293,0.547,0.0133,0.328,87.43,0.334,5,1
jazz,0.745,0.219,-11.216,0.0276,0.851,1.8e-05,0.635,88.609,0.0678,5,1
jazz,0.451,0.241,-14.014,0.0352,0.912,2.66e-06,0.698,134.009,0.175,1,1
jazz,0.763,0.571,-10.552,0.0337,0.529,0,0.936,128.212,0.154,11,1
jazz,0.271,0.165,-20.652,0.0351,0.726,1.54e-06,0.202,77.082,0.118,5,1
jazz,0.802,0.756,-10.791,0.0349,0.0843,0.00765,0.963,131.715,0.0521,2,0
jazz,0.401,0.498,-10.682,0.0757,0.394,0,0.816,181.701,0.13,4,1
jazz,0.425,0.373,-7.543,0.0801,0.686,0,0.663,78.231,0.077,4,1
jazz,0.535,0.548,-6.51,0.037,0.533,1.48e-06,0.477,115.144,0.123,1,1
jazz,0.697,0.832,-7.264,0.0298,0.168,0.00131,0.979,125.926,0.269,9,1
jazz,0.421,0.285,-9.43,0.0293,0.829,1.55e-06,0.402,85.861,0.233,2,0
jazz,0.521,0.516,-7.456,0.0369,0.723,0,0.569,136.483,0.257,2,0
jazz,0.609,0.435,-7.861,0.285,0.522,0,0.552,131.995,0.118,11,0
jazz,0.339,0.214,-11.714,0.0375,0.908,7.47e-06,0.363,94.775,0.341,4,1
jazz,0.543,0.473,-9.638,0.157,0.124,4.04e-06,0.519,86.534,0.0922,6,1
jazz,0.725,0.521,-10.248,0.136,0.565,0.275,0.403,114.038,0.178,9,0
jazz,0.749,0.497,-12.609,0.105,0.41,0.0499,0.585,95.818,0.0504,10,0
jazz,0.526,0.299,-13.797,0.031,0.941,0.097,0.679,156.848,0.106,8,1
jazz,0.7,0.139,-12.346,0.0607,0.902,0,0.49,84.485,0.185,8,1
jazz,0.848,0.666,-6.547,0.274,0.173,0.000699,0.744,96.662,0.129,0,1
jazz,0.436,0.141,-13.271,0.0308,0.902,2.81e-06,0.146,76.64,0.126,0,1
jazz,0.713,0.639,-5.529,0.0313,0.753,0,0.737,125.959,0.0878,2,0
jazz,0.32,0.21,-15.231,0.0345,0.92,8.01e-05,0.208,73.196,0.138,6,1
jazz,0.451,0.326,-9.239,0.0372,0.863,0,0.55,81.726,0.192,7,0
jazz,0.592,0.355,-14.051,0.0352,0.478,0,0.499,133.032,0.0585,9,1
jazz,0.684,0.437,-10.522,0.0491,0.742,1.63e-05,0.964,107.607,0.224,9,1
jazz,0.349,0.182,-13.507,0.031,0.92,0.0152,0.178,136.094,0.143,5,1
jazz,0.615,0.733,-4.808,0.0335,0.152,0,0.796,122.58,0.109,8,1
jazz,0.598,0.221,-10.484,0.0303,0.907,4.19e-05,0.274,106.771,0.0723,9,1
jazz,0.482,0.569,-5.897,0.0328,0.617,0,0.609,70.956,0.155,0,1
jazz,0.366,0.391,-12.322,0.0425,0.854,0,0.461,119.182,0.352,3,1
jazz,0.598,0.571,-12.616,0.139,0.704,0,0.962,173.141,0.513,8,0
jazz,0.759,0.756,-8.145,0.266,0.0903,2.36e-06,0.613,87.059,0.265,4,0
jazz,0.355,0.0304,-20.479,0.0361,0.989,0.0555,0.188,90.495,0.116,1,1
jazz,0.866,0.534,-9.201,0.229,0.184,0.266,0.841,98.243,0.0929,11,1
jazz,0.52,0.0405,-16.396,0.0663,0.875,0.000301,0.28,70.136,0.0845,0,1
jazz,0.59,0.672,-11.792,0.412,0.125,1.04e-06,0.688,206.247,0.147,1,1
jazz,0.591,0.376,-10.832,0.0543,0.478,0.0282,0.308,140.026,0.101,11,0
jazz,0.428,0.398,-9.13,0.0295,0.755,0.000537,0.365,88.886,0.172,6,0
jazz,0.429,0.18,-10.694,0.0551,0.864,4.4e-06,0.485,170.645,0.104,10,1
jazz,0.262,0.356,-8.031,0.0303,0.613,0,0.426,174.177,0.175,0,0
jazz,0.608,0.37,-9.207,0.0306,0.844,1.87e-05,0.349,127.631,0.112,7,1
jazz,0.793,0.386,-13.413,0.0819,0.597,0.31,0.584,95.819,0.0775,10,0
jazz,0.403,0.284,-14.014,0.0338,0.798,0,0.686,176.537,0.142,10,1
jazz,0.476,0.381,-10.238,0.0342,0.727,0,0.33,121.948,0.0614,5,0
jazz,0.211,0.386,-10.189,0.0344,0.775,0,0.473,172.272,0.303,0,0
jazz,0.471,0.146,-13.6,0.0309,0.782,0,0.595,78.554,0.0888,10,1
jazz,0.586,0.253,-11.93,0.0538,0.604,0,0.718,108.168,0.3,6,0
jazz,0.767,0.938,-4.433,0.0505,0.592,0.0193,0.868,123.99,0.118,5,0
jazz,0.612,0.144,-12.204,0.0352,0.88,0,0.343,128.629,0.203,6,0
jazz,0.603,0.271,-10.083,0.0284,0.679,0,0.405,110.89,0.141,5,1
jazz,0.686,0.688,-4.981,0.0254,0.39,1.03e-06,0.493,123.125,0.0924,6,0
jazz,0.556,0.61,-4.729,0.213,0.833,2.22e-06,0.665,199.373,0.258,9,1
jazz,0.678,0.675,-7.544,0.0308,0.0263,0.625,0.663,124.003,0.128,0,0
jazz,0.553,0.291,-10.426,0.03,0.877,0,0.412,96.216,0.129,4,0
jazz,0.461,0.15,-13.531,0.051,0.984,0.000902,0.188,97.902,0.105,8,1
jazz,0.274,0.263,-17.244,0.049,0.95,0.956,0.52,214.655,0.147,0,0
jazz,0.532,0.0657,-19.136,0.0406,0.94,0.00488,0.292,128.607,0.0946,0,0
jazz,0.881,0.361,-14.727,0.237,0.0503,0.0046,0.797,96.43,0.254,11,0
jazz,0.503,0.182,-16.651,0.0323,0.776,0,0.652,63.684,0.178,0,0
jazz,0.696,0.547,-5.954,0.169,0.792,0,0.623,73.203,0.155,5,0
jazz,0.455,0.183,-18.085,0.0626,0.6,0,0.399,95.642,0.121,2,1
jazz,0.666,0.55,-8.672,0.0612,0.573,1.84e-06,0.961,95.552,0.122,10,1
jazz,0.29,0.259,-13.967,0.0306,0.9,0,0.606,97.173,0.308,8,1
jazz,0.469,0.584,-6.104,0.0832,0.785,0,0.649,151.394,0.811,1,1
jazz,0.594,0.389,-7.109,0.0517,0.785,0,0.396,122.331,0.0313,10,1
jazz,0.64,0.27,-11.429,0.0702,0.982,0.122,0.55,124.323,0.141,8,1
jazz,0.647,0.465,-8.308,0.0428,0.865,0,0.699,151.251,0.0882,7,1
jazz,0.676,0.692,-13.093,0.052,0.668,0.00915,0.799,102.516,0.13,9,1
jazz,0.464,0.305,-12.435,0.0316,0.936,0.0848,0.281,107.854,0.208,3,0
jazz,0.52,0.571,-10.326,0.036,0.168,5.14e-06,0.701,161.051,0.17,11,0
jazz,0.839,0.482,-13.931,0.121,0.337,0.89,0.585,116.998,0.0859,9,0
jazz,0.585,0.652,-8.357,0.0358,0.78,0.907,0.877,198.448,0.0653,6,1
jazz,0.325,0.0418,-24.757,0.0363,0.977,0.0141,0.242,65.888,0.117,1,1
jazz,0.454,0.26,-13.193,0.0401,0.539,0.00078,0.598,174.322,0.0675,8,0
jazz,0.553,0.337,-10.334,0.0303,0.818,0,0.664,102.213,0.113,10,1
jazz,0.367,0.122,-21.34,0.0319,0.984,4.37e-05,0.104,75.265,0.172,9,0
jazz,0.7,0.33,-9.027,0.0303,0.719,8.6e-05,0.524,98.605,0.136,5,1
jazz,0.579,0.502,-7.57,0.0513,0.733,0,0.836,76.783,0.281,8,1
jazz,0.812,0.6,-9.414,0.253,0.00304,7.79e-06,0.557,97.338,0.173,7,1
jazz,0.486,0.313,-14.323,0.0252,0.894,0.948,0.199,102.605,0.167,7,1
jazz,0.403,0.0728,-20.622,0.0603,0.966,7.04e-05,0.152,178.645,0.106,7,0
jazz,0.647,0.465,-8.308,0.0428,0.865,0,0.699,151.251,0.0882,7,1
jazz,0.654,0.147,-17.844,0.039,0.867,0.000923,0.472,130.359,0.0986,10,0
jazz,0.754,0.785,-8.178,0.18,0.0287,0.00144,0.821,94.123,0.319,10,0
jazz,0,0.405,-9.935,0,0.842,0.00114,0,0,0.198,0,1
jazz,0.439,0.196,-16.093,0.0601,0.88,0,0.525,129.581,0.0513,0,1
jazz,0.587,0.133,-15.151,0.0565,0.186,2.26e-05,0.068,102.938,0.258,9,0
jazz,0.722,0.0811,-14.113,0.0631,0.779,0,0.36,88.044,0.509,0,1
jazz,0.33,0.129,-22.477,0.0425,0.989,0.912,0.461,152.381,0.107,0,0
jazz,0.565,0.749,-6.629,0.0769,0.655,0.432,0.881,180.598,0.106,10,0
jazz,0.653,0.351,-12.776,0.648,0.467,0,0.307,116.6,0.107,5,1
jazz,0.453,0.453,-9.354,0.0395,0.871,0,0.586,116.098,0.218,3,1
jazz,0.34,0.144,-16.383,0.0285,0.993,0.776,0.0655,85.399,0.418,0,1
jazz,0.283,0.095,-17.828,0.0398,0.904,3.36e-05,0.187,66.862,0.128,1,1
jazz,0.549,0.529,-12.291,0.108,0.76,0,0.464,82.755,0.206,3,0
hip-hop,0.898,0.472,-7.001,0.0776,0.0107,0,0.214,101.061,0.141,1,1
hip-hop,0.558,0.559,-9.222,0.0959,0.371,7.49e-06,0.62,78.558,0.109,6,1
hip-hop,0.482,0.757,-4.586,0.0355,0.0137,0.0016,0.12,142.579,0.143,6,1
hip-hop,0.545,0.545,-7.362,0.107,0.667,5.48e-05,0.549,159.94,0.417,9,1
hip-hop,0.915,0.453,-4.589,0.27,0.0872,0.000163,0.287,139.943,0.104,10,0
hip-hop,0.814,0.676,-4.67,0.231,0.00709,1.28e-05,0.312,162.012,0.119,11,0
hip-hop,0.765,0.356,-5.556,0.195,0.223,0,0.189,96.991,0.0963,11,0
hip-hop,0.596,0.575,-8.325,0.0514,0.0861,0.000153,0.34,98.265,0.334,11,0
hip-hop,0.93,0.682,-8.799,0.331,0.028,0,0.962,126.003,0.129,9,1
hip-hop,0.721,0.339,-11.195,0.0532,0.409,0.00153,0.2,129.83,0.0973,0,1
hip-hop,0.464,0.745,-3.202,0.161,0.0235,0,0.262,180.098,0.363,4,0
hip-hop,0.69,0.521,-8.492,0.339,0.324,0,0.494,100.028,0.0534,10,0
hip-hop,0.79,0.647,-5.983,0.136,0.0515,0,0.654,87.999,0.248,10,0
hip-hop,0.575,0.386,-9.584,0.037,0.785,0.000289,0.466,116.408,0.229,9,0
hip-hop,0.76,0.663,-4.763,0.0551,0.109,0,0.209,143.082,0.305,9,0
hip-hop,0.554,0.498,-8.866,0.0685,0.23,5.98e-06,0.413,79.635,0.795,9,1
hip-hop,0.64,0.552,-5.679,0.129,0.0215,0,0.112,144.941,0.119,2,1
hip-hop,0.695,0.633,-4.946,0.0599,0.0612,0.000195,0.557,96.782,0.0926,8,1
hip-hop,0.47,0.652,-9.629,0.0561,0.0831,4.08e-05,0.104,141.981,0.175,2,1
hip-hop,0.88,0.428,-8.28,0.206,0.149,5.05e-05,0.333,100.007,0.114,9,1
hip-hop,0.621,0.73,-5.414,0.107,0.0967,0.000131,0.464,139.566,0.673,5,0
hip-hop,0.797,0.533,-9.74,0.0412,0.0172,0.000152,0.329,131.036,0.103,0,0
hip-hop,0.908,0.621,-6.638,0.102,0.000282,5.39e-05,0.421,150.011,0.0958,1,0
hip-hop,0.773,0.75,-4.009,0.117,0.109,0,0.783,123.426,0.174,8,0
hip-hop,0.645,0.534,-10.8,0.0479,0.157,0,0.463,105.02,0.0863,6,0
hip-hop,0.847,0.622,-6.747,0.0903,0.119,0,0.22,130.001,0.285,1,0
hip-hop,0.894,0.791,-4.699,0.112,0.0183,0,0.583,105.018,0.0388,2,1
hip-hop,0.716,0.531,-7.355,0.122,0.0703,0,0.344,71.994,0.224,7,1
hip-hop,0.645,0.634,-3.769,0.0341,0.158,3.78e-06,0.352,160.017,0.0908,10,0
hip-hop,0.35,0.621,-6.495,0.233,0.256,3.44e-05,0.459,83.375,0.613,8,0
hip-hop,0.794,0.766,-3.894,0.0377,0.0135,0,0.55,127.006,0.0785,9,0
hip-hop,0.639,0.628,-7.578,0.0398,0.0381,0,0.43,90.482,0.386,6,0
hip-hop,0.669,0.574,-6.442,0.0286,0.0175,0.00294,0.273,120.013,0.146,4,0
hip-hop,0.665,0.535,-7.056,0.0572,0.0786,1.68e-05,0.37,138.842,0.154,4,0
hip-hop,0.762,0.508,-9.112,0.0919,0.0584,0.00126,0.37,93.51,0.16,3,1
hip-hop,0.724,0.573,-4.113,0.0549,0.118,0,0.438,113.088,0.538,7,1
hip-hop,0.463,0.642,-4.474,0.34,0.314,0,0.339,83.389,0.0686,1,1
hip-hop,0.804,0.573,-8.654,0.33,0.238,0.00817,0.701,121.961,0.372,9,1
hip-hop,0.657,0.734,-4.832,0.484,0.149,0,0.434,91.03,0.139,8,0
hip-hop,0.525,0.433,-10.598,0.185,0.107,0,0.276,160.108,0.135,6,1
hip-hop,0.803,0.512,-6.871,0.066,0.128,0,0.435,96.02,0.0928,9,0
hip-hop,0.792,0.625,-5.609,0.0536,0.00776,0.0018,0.37,103.967,0.329,1,1
hip-hop,0.67,0.634,-6.471,0.0326,0.0124,0,0.497,124.926,0.0946,11,1
hip-hop,0.625,0.733,-8.757,0.0488,0.00598,0.000983,0.244,172.09,0.375,2,1
hip-hop,0.669,0.419,-6.724,0.522,0.376,0,0.0397,109.813,0.187,1,0
hip-hop,0.8,0.585,-7.343,0.0924,0.264,0,0.779,126.058,0.153,10,1
hip-hop,0.721,0.707,-6.364,0.0595,0.181,3.68e-06,0.743,125.005,0.143,6,1
hip-hop,0.51,0.739,-7.41,0.0415,0.00872,0,0.148,62.007,0.111,2,1
hip-hop,0.831,0.427,-6.903,0.106,0.0531,0,0.216,93.004,0.307,2,1
hip-hop,0.743,0.675,-4.267,0.0953,0.0251,0.000717,0.59,92.909,0.0685,8,0
hip-hop,0.731,0.586,-7.564,0.172,0.116,0,0.147,125.845,0.0987,1,0
hip-hop,0.732,0.75,-6.366,0.231,0.00264,0,0.401,155.096,0.109,11,0
hip-hop,0.784,0.486,-6.497,0.0475,0.0538,0.497,0.0894,110.964,0.101,5,0
hip-hop,0.542,0.466,-8.668,0.0824,0.141,0.000444,0.127,191.386,0.125,0,1
hip-hop,0.727,0.974,-2.261,0.0664,0.103,0.000532,0.965,79.526,0.174,4,0
hip-hop,0.908,0.669,-2.827,0.0738,0.00286,0,0.662,112.238,0.237,7,1
hip-hop,0.847,0.733,-6.439,0.16,0.00574,1.04e-05,0.202,130.029,0.151,10,0
hip-hop,0.818,0.705,-6.679,0.177,0.00836,0.00233,0.772,138.559,0.613,6,1
hip-hop,0.538,0.471,-9.84,0.0955,0.0946,0.0185,0.307,93.07,0.116,4,0
hip-hop,0.543,0.449,-8.065,0.0463,0.345,0,0.29,132.609,0.157,1,1
hip-hop,0.711,0.611,-5.453,0.33,0.00588,0,0.144,134.093,0.23,1,1
hip-hop,0.8,0.555,-7.487,0.244,0.116,0,0.502,121.932,0.562,5,1
hip-hop,0.796,0.766,-5.974,0.238,0.0742,0,0.558,110.034,0.0827,7,1
hip-hop,0.495,0.722,-8.108,0.357,0.0697,0,0.539,175.627,0.113,6,0
hip-hop,0.913,0.603,-4.892,0.226,0.0272,0.000503,0.497,123.061,0.167,8,1
hip-hop,0.715,0.633,-6.869,0.0804,0.553,4.45e-06,0.319,105.945,0.0905,2,1
hip-hop,0.659,0.745,-3.599,0.0347,0.0417,0,0.54,74.967,0.296,10,1
hip-hop,0.887,0.727,-4.318,0.135,0.381,1.16e-06,0.932,130.035,0.213,4,0
hip-hop,0.943,0.558,-4.911,0.0568,0.0026,2.19e-06,0.606,104.983,0.0937,2,1
hip-hop,0.863,0.754,-5.851,0.0611,0.00125,0,0.301,131.001,0.0913,11,1
hip-hop,0.721,0.802,-5.797,0.0583,0.0921,0,0.724,124.022,0.694,1,1
hip-hop,0.667,0.608,-7.054,0.216,0.324,0.000198,0.475,99.992,0.426,1,1
hip-hop,0.367,0.665,-2.821,0.0465,0.145,0,0.31,148.913,0.113,1,1
hip-hop,0.892,0.633,-7.471,0.0902,0.0467,0.000189,0.459,137.994,0.139,8,1
hip-hop,0.831,0.643,-5.002,0.11,0.046,0,0.142,139.948,0.084,1,1
hip-hop,0.549,0.679,-5.501,0.0346,0.0103,0,0.235,100.214,0.365,7,1
hip-hop,0.949,0.661,-4.244,0.0572,0.0302,0,0.76,104.504,0.0454,5,0
hip-hop,0.726,0.769,-5.043,0.123,0.0293,0.0101,0.733,97.985,0.104,6,1
hip-hop,0.629,0.696,-5.572,0.348,0.0195,0,0.623,93.034,0.0554,1,0
hip-hop,0.843,0.806,-5.946,0.269,0.143,0,0.613,94.948,0.0771,4,0
hip-hop,0.844,0.533,-9.612,0.552,0.0735,3.46e-06,0.23,140.078,0.0953,1,1
hip-hop,0.809,0.463,-11.377,0.0396,0.256,0.085,0.364,111.98,0.109,11,1
hip-hop,0.883,0.657,-5.748,0.305,0.0603,0,0.284,124.992,0.128,8,1
hip-hop,0.671,0.939,-3.206,0.161,0.191,0,0.53,129.024,0.298,8,1
hip-hop,0.374,0.568,-3.825,0.109,0.219,0.00219,0.111,84.733,0.513,1,0
hip-hop,0.417,0.743,-5.094,0.0481,0.0154,0,0.128,161.877,0.191,11,0
hip-hop,0.819,0.626,-4.574,0.202,0.00748,0.101,0.415,143.01,0.167,10,0
hip-hop,0.703,0.757,-3.612,0.05,0.617,0,0.696,82.008,0.106,1,1
hip-hop,0.592,0.457,-6.081,0.0603,0.661,0.000331,0.225,146.04,0.146,9,0
hip-hop,0.694,0.574,-6.144,0.0483,0.193,0,0.286,146.007,0.082,1,0
hip-hop,0.894,0.66,-5.349,0.33,0.0243,0,0.181,148.072,0.139,11,0
hip-hop,0.457,0.551,-9.36,0.167,0.427,1.15e-06,0.428,89.87,0.113,5,0
hip-hop,0.943,0.595,-8.372,0.191,0.0673,0,0.815,117.532,0.0839,5,0
hip-hop,0.853,0.69,-5.858,0.0647,0.0771,0,0.471,125.951,0.0835,10,1
hip-hop,0.764,0.63,-5.993,0.268,0.0125,0,0.351,145.051,0.253,1,0
hip-hop,0.581,0.963,-4.087,0.0981,0.0295,0,0.788,129.992,0.139,11,1
hip-hop,0.663,0.861,-3.398,0.109,0.0338,0,0.654,119.963,0.082,7,0
hip-hop,0.964,0.487,-6.071,0.421,0.00127,6.07e-06,0.108,127.05,0.115,10,0
hip-hop,0.529,0.673,-4.711,0.175,0.000307,2.41e-06,0.366,165.921,0.093,0,1
hip-hop,0.588,0.826,-3.733,0.0485,0.0768,0,0.648,145.825,0.327,11,0
